{"cameraMode":{"drawMode":0,"name":"Shaded","section":"Shading Mode"},"sceneLighting":true,"audioPlay":false,"sceneViewState":{"showFog":true,"showMaterialUpdate":false,"showSkybox":true,"showFlares":true,"showImageEffects":true,"showParticleSystems":true},"in2DMode":false,"pivot":{"x":440.5190734863281,"y":183.85733032226563,"z":11.012279510498047},"rotation":{"x":0.0034394573885947468,"y":-0.18591226637363435,"z":0.0006475248374044895,"w":0.9825701117515564},"size":407.7427978515625,"orthographic":true}